Date,Time,Course,Horse,Race Type,A/W Course Type,H/Cap,No. of Rnrs,Value,8:30PM Price,7:30AM Price,Class,Class Move,Sex,Age,Weight,Irish?,Draw IV,Comb. Total,Comb. Rank,Race Rank,Comp. Rank,PRB Rank,Speed Rank,MSAI Rank,No. of Top,Comp. Total,>100,<50,Clear By,Fin Pos,BSP,Win P/L <2%,Place P/L <2%,Month,Classification,Trainer,Jockey,Trainer PRB,Jockey PRB,Jockey Claim,LTO Fin Pos,Race Rating,Ability,Going,Distance,Course/Sim,TrainrF,JockyF,Draw,Speed,Total,Draw/Stall,SP (Dec),Distance (Yards),Morning Price,DSLR,Runs Last 90 Days,Runs Last Year,Runs Last 2 Years,Days Since Win,Races Since Win,Place BSP,Act. Going
260719,1340,Curragh,Bold Commander,Turf, ,N,12,6.33,3.75,3.25,4,S,c,2,133,Y,1.06,5,1,2,1,1,1,0,4,559,3,1,88,0,0,0,0,Jul,Mdn-EBF,A P O'Brien,Ryan Moore,40.35,46.68,0,2,0,100,60,100,33.33,80,80,106,91.04,650.37,2,0,1100,0,16,2,2,2,0,0,0, 
260719,1340,Curragh,Litmus Test,Turf, ,N,12,9.33,4,4,4,U,c,2,133,Y,0.26,21,4,3,10,99,99,0,0,319,0,5,22.67,0,0,0,0,Jul,Mdn-EBF,P Twomey,W J Lee,51.5,39.2,0,2,-20,33.33,33.33,33.33,33.33,80,80,26,33.33,352.65,7,0,1100,0,100,0,1,1,0,0,0, 
260719,1340,Curragh,Abletai,Turf, ,N,12,9.66,4.5,4.5,4,D,c,2,133,Y,0.46,13,2,2,6,2,2,0,0,382,0,3,10.01,0,0,0,0,Jul,Mdn-EBF,M C Grassick,Wayne Lordan,50.8,41.74,0,6,0,50,33.33,60,33.33,80,80,46,80.59,463.25,10,0,1100,0,15,3,3,3,0,0,0, 
260719,1340,Curragh,Star Above Me,Turf, ,N,12,23,6,7,4,S,f,2,128,Y,1.58,23,5,3,3,99,99,0,0,458,3,4,40,0,0,0,0,Jul,Mdn-EBF,Andrew Slattery,Andrew Slattery,27.54,26.21,0,0,-20,33.33,33.33,33.33,33.33,100,100,125,33.33,491.65,1,0,1100,0,0,0,0,0,0,0,0, 
260719,1340,Curragh,Atlantic Bridge,Turf, ,N,12,21,7.5,8,4,S,c,2,133,Y,1.02,24,6,3,5,99,99,0,0,395,1,4,12.66,0,0,0,0,Jul,Mdn-EBF,Robson Aguiar,Donagh O'Connor,19.54,37.97,0,0,-20,33.33,33.33,33.33,33.33,80,80,102,33.33,428.65,12,0,1100,0,0,0,0,0,0,0,0, 
260719,1340,Curragh,La Tache,Turf, ,N,12,11.66,9,9,4,S,c,2,133,Y,1.08,17,3,8,2,3,6,0,0,471,2,1,13.01,0,0,0,0,Jul,Mdn-EBF,G M Lyons,Colin Keane,48.73,49.87,0,4,-30,50,50,33.33,50,100,80,108,33.33,504.66,9,0,1100,0,11,2,2,2,0,0,0, 
260719,1340,Curragh,Southern Boulevard,Turf, ,N,12,16.33,21,23,4,S,f,2,128,Y,1.06,25,7,8,7,4,4,0,0,372,2,5,34,0,0,0,0,Jul,Mdn-EBF,G M Lyons,Gary Carroll,48.73,29.22,0,5,-30,33.33,33.33,33.33,33.33,100,33.33,106,73.13,445.78,6,0,1100,0,15,1,1,1,0,0,0, 
260719,1340,Curragh,Brageiro,Turf, ,N,12,20.33,34,34,4,S,f,2,128,Y,0.4,27,9,3,9,99,99,0,0,323,1,5,4,0,0,0,0,Jul,Mdn-EBF,Ross O'Sullivan,Shane Foley,36.93,35,0,0,-20,33.33,33.33,33.33,33.33,50,100,40,33.33,356.65,3,0,1100,0,0,0,0,0,0,0,0, 
260719,1340,Curragh,My Irish Lady,Turf, ,N,12,16.33,34,34,4,S,f,2,128,Y,1.58,25,7,8,4,6,5,0,0,418,1,4,23,0,0,0,0,Jul,Mdn-EBF,J P Murtagh,Ben Coen,43.65,39.37,0,6,-30,33.33,33.33,33.33,33.33,80,80,125,64.17,482.49,5,0,1100,0,15,1,1,1,0,0,0, 
260719,1340,Curragh,Invincible Irish,Turf, ,N,12,17.33,51,51,4,S,g,2,133,Y,0.5,28,10,3,11,99,99,0,0,296,0,5,30.67,0,0,0,0,Jul,Mdn-EBF,Daniel McLoughlin,Nathan Crosse,38.96,22.98,0,0,-20,33.33,33.33,33.33,33.33,80,33.33,50,33.33,329.98,11,0,1100,0,0,0,0,0,0,0,0, 
260719,1340,Curragh,The Drambling Man,Turf, ,N,12,15.33,81,81,4,U,g,2,133,Y,0.66,30,11,8,12,5,3,0,0,265,0,6,0,0,0,0,0,Jul,Mdn-EBF,Kevin Coleman,Rory Cleary,5.57,20.56,0,6,-30,33.33,33.33,33.33,33.33,33.33,33.33,66,77.61,343.59,8,0,1100,0,17,3,3,3,0,0,0, 
260719,1340,Curragh,Stellar Path,Turf, ,N,12,39.33,126,101,4,S,f,2,128,Y,0.92,35,12,8,8,7,7,0,0,338,0,5,15.33,0,0,0,0,Jul,Mdn-EBF,Kieran P Cotter,Gavin Ryan,11.9,31.52,0,8,-30,33.33,33.33,33.33,33.33,33.33,80,92,33.33,371.98,4,0,1100,0,49,2,2,2,0,0,0, 
260719,1345,Stratford,Edelak,Hurdle, ,N,5,3,2.5,2.25,3,U,g,4,160, ,0,8,2,2,2,2,1,0,1,533,5,2,163.34,0,0,0,0,Jul,Nov-Hdle,Dan Skelton,Mr Harry Atkins,55.7,0,5,250,35,100,100,100,100,100,33.33,0,95.52,628.85,0,0,3590,0,7,5,8,11,21,2,0, 
260719,1345,Stratford,Obsessedwithyou,Hurdle, ,N,5,3.33,2.5,2.63,3,S,m,7,153, ,0,6,1,3,1,1,3,0,3,580,5,1,46.67,0,0,0,0,Jul,Nov-Hdle,Jamie Snowden,Gavin Sheehan,55.54,72.05,0,1,0,100,100,100,80,100,100,0,33.33,613.33,0,0,3590,0,36,2,7,13,36,1,0, 
260719,1345,Stratford,Angel Of My Dreams,Hurdle, ,N,5,6.66,201,201,3,U,m,5,147, ,0,16,4,4,5,4,4,0,0,216,0,6,0,0,0,0,0,Jul,Nov-Hdle,Graeme McPherson,Mr N Slatter,19.68,31.26,3,4,-10,33.33,33.33,33.33,33.33,33.33,50,0,33.33,249.98,0,0,3590,0,7,3,4,5,0,0,0, 
260719,1345,Stratford,He's Tailor Made,Hurdle, ,N,5,10,201,201,3,U,g,5,154, ,0,18,5,5,4,5,5,0,0,293,1,5,76.67,0,0,0,0,Jul,Nov-Hdle,Adrian Wintle,Mr Rian Corcoran,53.15,46.1,5,10,-20,33.33,33.33,33.33,33.33,100,60,0,33.33,326.65,0,0,3590,0,18,1,3,3,0,0,0, 
260719,1353,Redcar,Hey Up Ronnie,Turf, ,N,14,13,1.8,1.8,4,D,g,2,133, ,1.13,13,2,3,2,3,7,8,0,519,3,2,61.34,0,0,0,0,Jul,Mdn,Ollie Pears,Harry Russell,52.32,38.42,0,5,-20,33.33,70,33.33,70,100,100,113,33.33,552.99,5,0,1540,0,37,1,1,1,0,0,0, 
260719,1353,Redcar,Mojito Madness,Turf, ,N,14,8.33,4,3,4,S,c,2,133, ,1.47,5,1,2,1,1,6,2,3,528,3,1,8.67,0,0,0,0,Jul,Mdn,Gihan Arnolda,Ray Dawson,66,37.12,0,3,-10,50,70,50,33.33,100,100,125,77.61,605.94,8,0,1540,0,18,2,2,2,0,0,0, 
260719,1353,Redcar,Coul Blue,Turf, ,N,14,12.66,9,10,4,S,g,2,133, ,0.56,24,5,2,12,99,99,12,0,349,0,4,27,0,0,0,0,Jul,Mdn,Michael Dods,Mark Winn,36.4,26.12,0,0,-10,33.33,33.33,33.33,33.33,80,80,56,33.33,382.65,14,0,1540,0,0,0,0,0,0,0,0, 
260719,1353,Redcar,Bonjour Belle,Turf, ,N,14,17.66,11,11,4,S,f,2,128, ,1.59,29,8,9,10,2,5,3,0,404,1,3,6.67,0,0,0,0,Jul,Mdn,Brian Ellison,Ben Robinson,31.98,19.95,0,7,-30,50,33.33,50,33.33,80,33.33,125,79.1,484.09,1,0,1540,0,24,2,2,2,0,0,0, 
260719,1353,Redcar,Kompozitor,Turf, ,N,14,14.66,17,17,4,S,c,2,133, ,0.62,28,7,3,14,99,99,1,1,308,0,5,0,0,0,0,0,Jul,Mdn,David Barron,Lewis Edmunds,25.12,46.89,0,0,-20,33.33,33.33,33.33,33.33,33.33,80,62,33.33,341.98,3,0,1540,0,0,0,0,0,0,0,0, 
260719,1353,Redcar,Gerry's Darling,Turf, ,N,14,10.66,15,19,4,D,f,2,128, ,1.09,16,3,3,7,4,1,11,1,422,2,4,13,0,0,0,0,Jul,Mdn,Roger Fell,Kevin Stott,40.71,26.5,0,7,-20,33.33,33.33,33.33,33.33,100,80,109,64.17,486.49,13,0,1540,0,10,2,2,2,0,0,0, 
260719,1353,Redcar,Nosey Book,Turf, ,N,14,13.66,17,21,4,S,g,2,133, ,1.59,19,4,3,3,99,99,4,0,458,3,4,20,0,0,0,0,Jul,Mdn,Tim Easterby,O McSweeney,35.17,40.01,0,0,-20,33.33,33.33,33.33,33.33,100,100,125,33.33,491.65,4,0,1540,0,0,0,0,0,0,0,0, 
260719,1353,Redcar,Tommo's Queen,Turf, ,N,14,20,23,29,4,S,f,2,128, ,1.3,26,6,3,4,99,99,4,0,438,2,4,0,0,0,0,0,Jul,Mdn,Michael Easterby,Billy Garritty,27.38,28.56,0,0,-20,33.33,33.33,33.33,33.33,80,100,125,33.33,471.65,7,0,1540,0,0,0,0,0,0,0,0, 
260719,1353,Redcar,Hicko's Lad,Turf, ,N,14,18,26,34,4,D,g,2,133, ,0.96,36,13,14,8,99,2,6,0,409,1,4,1,0,0,0,0,Jul,Mdn,Michael Easterby,Miss Joanna Mason,27.38,39.92,0,7,-40,33.33,33.33,33.33,33.33,80,100,96,73.13,482.45,6,0,1540,0,62,1,2,2,0,0,0, 
260719,1353,Redcar,Be More Ruthless,Turf, ,N,14,21.33,41,67,4,S,f,2,128, ,0.29,38,14,9,13,5,9,13,0,322,0,5,13.67,0,0,0,0,Jul,Mdn,Adrian Nicholls,Jack Garritty,39.26,29.07,0,10,-30,33.33,33.33,33.33,33.33,80,80,29,32.83,355.15,11,0,1540,0,25,1,1,1,0,0,0, 
260719,1353,Redcar,Thai Paddy,Turf, ,N,14,19.33,81,101,4,S,c,2,133, ,0.95,34,11,9,9,99,3,14,0,408,1,4,3.33,0,0,0,0,Jul,Mdn,Tim Easterby,S B Kirrane,35.17,26.62,0,10,-30,33.33,33.33,33.33,33.33,100,80,95,64.17,472.49,12,0,1540,0,13,1,1,1,0,0,0, 
260719,1353,Redcar,Bedwyr,Turf, ,N,14,29.33,101,126,4,S,g,2,133, ,0.85,35,12,3,11,99,99,10,0,398,1,4,49,0,0,0,0,Jul,Mdn,Tony Coyle,Cam Hardie,37.7,31.17,0,10,-20,33.33,33.33,33.33,33.33,80,100,85,33.33,431.65,9,0,1540,0,24,1,1,1,0,0,0, 
260719,1353,Redcar,Dave's Matey,Turf, ,N,14,19.33,101,126,4,D,g,2,133, ,0.99,30,9,9,6,6,4,7,0,432,2,4,10,0,0,0,0,Jul,Mdn,Tim Easterby,Mr Jake Dickson,35.17,43.7,7,10,-30,33.33,33.33,33.33,33.33,100,100,99,62.68,495,10,0,1540,0,49,2,2,2,0,0,0, 
260719,1353,Redcar,Bollin Marsha,Turf, ,N,14,20.66,126,201,4,S,f,2,128, ,1.25,32,10,9,4,99,8,8,0,438,2,4,6,0,0,0,0,Jul,Mdn,Tim Easterby,Duran Fentiman,35.17,31.28,0,8,-30,33.33,33.33,33.33,33.33,100,80,125,47.76,486.08,2,0,1540,0,24,2,2,2,0,0,0, 
260719,1410,Curragh,White Sand Beach,Turf, ,N,8,4,2.38,2.38,4,U,f,3,129,Y,1.79,6,1,1,2,2,1,0,3,555,1,0,96.68,0,0,0,0,Jul,Mdn-Fil-EBF,A P O'Brien,Ryan Moore,40.35,46.68,0,2,65,90,50,70,60,80,80,125,94.02,649.02,3,0,1980,0,6,5,9,9,0,0,0, 
260719,1410,Curragh,Star Performer,Turf, ,N,8,7.33,4,4.33,4,S,f,3,129,Y,0,15,3,2,7,99,99,0,0,333,2,5,86.67,0,0,0,0,Jul,Mdn-Fil-EBF,Joseph Patrick O'Brien,Dylan Browne McMonagle,58.76,55.56,0,0,-10,33.33,33.33,33.33,33.33,100,100,0,33.33,366.65,5,0,1980,0,0,0,0,0,0,0,0, 
260719,1410,Curragh,Mathoura,Turf, ,N,8,7,5.5,4.5,4,S,f,3,129,Y,1.79,8,2,2,1,1,3,0,2,635,4,0,80,0,0,0,0,Jul,Mdn-Fil-EBF,Mrs John Harrington,Shane Foley,25.86,35,0,3,-10,60,70,100,100,80,100,125,88.05,723.05,6,0,1980,0,52,2,2,2,0,0,0, 
260719,1410,Curragh,Cape Primrose,Turf, ,N,8,8.66,6,6.5,4,U,f,3,129,Y,0,19,5,8,5,3,2,0,0,366,0,3,5.01,0,0,0,0,Jul,Mdn-Fil-EBF,A P O'Brien,Wayne Lordan,40.35,41.74,0,5,-40,33.33,70,70,33.33,80,80,0,86.56,453.22,4,0,1980,0,83,1,4,4,0,0,0, 
260719,1410,Curragh,Mosel,Turf, ,N,8,8,12,13,4,S,f,3,129,Y,1.79,17,4,4,4,99,99,0,0,428,2,4,61.66,0,0,0,0,Jul,Mdn-Fil-EBF,Joseph Patrick O'Brien,J M Sheridan,58.76,59.31,0,0,-20,33.33,33.33,33.33,33.33,100,70,125,33.33,461.65,8,0,1980,0,0,0,0,0,0,0,0, 
260719,1410,Curragh,Sunatia,Turf, ,N,8,10.33,15,17,4,U,f,3,129,Y,1.79,20,6,5,3,6,4,0,0,458,3,4,30,0,0,0,0,Jul,Mdn-Fil-EBF,D K Weld,Chris Hayes,34.2,42.44,0,14,-30,33.33,33.33,33.33,33.33,100,100,125,70.14,528.46,7,0,1980,0,25,1,1,1,0,0,0, 
260719,1410,Curragh,Trumph,Turf, ,N,8,21,41,51,4,S,f,3,129,Y,0,25,8,5,8,5,99,0,0,246,0,6,0,0,0,0,0,Jul,Mdn-Fil-EBF,Mrs John Harrington,Nathan Crosse,25.86,22.98,0,8,-30,33.33,33.33,33.33,33.33,80,33.33,0,33.33,279.98,2,0,1980,0,274,0,1,1,0,0,0, 
260719,1410,Curragh,Storm Petrel,Turf, ,N,8,23,41,51,4,U,f,3,129,Y,1.79,23,7,5,6,4,5,0,0,361,1,5,28.33,0,0,0,0,Jul,Mdn-Fil-EBF,Ms M McDowall,Gary Halpin,0,0,0,4,-30,33.33,70,33.33,33.33,33.33,33.33,125,33.33,394.98,1,0,1980,0,19,1,2,2,0,0,0, 
260719,1415,Stratford,Whatyouwaitingfor,Chase, ,Y,5,4,2.2,2.63,4,S,g,5,161, ,0,7,2,2,1,2,1,0,2,433,2,2,50,0,0,0,0,Jul,Hcap-Nov-Cha,Charlie Longsdon,Gavin Sheehan,18,72.05,0,2,20,60,70,100,70,33.33,100,0,33.33,466.66,0,0,4278,0,33,2,7,12,332,6,0, 
260719,1415,Stratford,Duel Au Soleil,Chase, ,Y,5,3.33,3.75,3.75,4,S,g,6,164, ,0,5,1,1,2,1,2,0,3,383,1,2,3.34,0,0,0,0,Jul,Hcap-Nov-Cha,Ben Pauling,Mr Beau Morgan,18.58,44.43,5,4,25,60,33.33,100,50,80,60,0,33.33,416.66,0,0,4278,0,18,1,6,11,261,6,0, 
260719,1415,Stratford,Mary,Chase, ,Y,5,5.33,6,4.5,4,S,m,7,158, ,0,14,4,4,3,3,3,0,0,379,2,4,180.01,0,0,0,0,Jul,Hcap-Nov-Cha,Ian Williams,Mr Charlie Todd,32.81,0,0,3,-20,33.33,33.33,100,100,80,33.33,0,33.33,413.32,0,0,4278,0,36,3,7,15,299,6,0, 
260719,1415,Stratford,The Long Walk,Chase, ,Y,5,4.66,5.5,5.5,4,S,g,6,162, ,0,11,3,3,3,99,99,0,0,379,2,4,0,0,0,0,0,Jul,Hcap-Nov-Cha,Jonjo O'Neill,Richie McLernon,58.84,26.9,0,9,-10,33.33,33.33,100,33.33,100,80,0,33.33,413.32,0,0,4278,0,43,1,6,12,424,7,0, 
260719,1415,Stratford,Hooper,Chase, ,Y,5,6.66,21,21,4,D,g,10,156, ,0,16,5,4,5,99,99,0,0,199,0,7,0,0,0,0,0,Jul,Hcap-Nov-Cha,Nigel Twiston-Davies,Miss A Jackson-Fennell,29.2,25,7,2,-20,33.33,33.33,33.33,33.33,33.33,33.33,0,33.33,233.31,0,0,4278,0,33,2,2,5,0,0,0, 
260719,1423,Redcar,Derrygarran Lad,Turf, ,N,6,6,2.2,2.25,5,D,g,3,133, ,0.96,13,3,2,5,99,99,2,0,359,0,4,50.67,0,0,0,0,Jul,Mdn,Julie Camacho,Ryan Sexton,42.79,38.29,0,2,-20,33.33,33.33,33.33,33.33,80,50,96,33.33,392.65,6,0,1540,0,154,0,2,2,0,0,0, 
260719,1423,Redcar,Indefensible,Turf, ,N,6,3.33,2.5,2.25,5,S,g,3,131, ,1.25,4,1,1,1,1,1,5,5,558,3,1,120.01,0,0,0,0,Jul,Mdn,Ollie Pears,Harry Russell,52.32,38.42,0,3,95,70,60,70,33.33,100,100,125,93.75,652.08,2,0,1540,0,1,4,7,8,0,0,0, 
260719,1423,Redcar,Feliz Navidad,Turf, ,N,6,5.33,8,8.5,5,S,g,3,131, ,1.59,8,2,2,2,2,2,1,1,438,2,4,12,0,0,0,0,Jul,Mdn,David O'Meara,Daniel Tudhope,29.09,35.66,0,5,-20,33.33,33.33,33.33,33.33,80,100,125,33.33,471.65,4,0,1540,0,26,1,1,1,0,0,0, 
260719,1423,Redcar,Twilight Baby,Turf, ,N,6,7,17,19,5,S,f,3,126, ,0.62,15,5,2,6,3,3,4,0,308,0,5,0,0,0,0,0,Jul,Mdn,Gay Kelleway,Shane Gray,19.11,23.52,0,8,-20,33.33,33.33,33.33,33.33,33.33,80,62,33.33,341.98,3,0,1540,0,14,1,2,2,0,0,0, 
260719,1423,Redcar,Triple P,Turf, ,N,6,7.66,19,19,5,S,g,3,131, ,1.13,13,3,2,3,99,99,5,0,426,2,4,54.67,0,0,0,0,Jul,Mdn,Tim Easterby,Duran Fentiman,35.17,31.28,0,0,-20,33.33,33.33,33.33,33.33,100,80,113,33.33,459.65,5,0,1540,0,0,0,0,0,0,0,0, 
260719,1423,Redcar,Ben Travato,Turf, ,N,6,8,23,23,5,S,g,3,131, ,1.59,15,5,2,4,99,99,3,0,371,1,5,12.33,0,0,0,0,Jul,Mdn,Brian Ellison,Ben Robinson,31.98,19.95,0,0,-20,33.33,33.33,33.33,33.33,80,33.33,125,33.33,404.98,1,0,1540,0,0,0,0,0,0,0,0, 
260719,1430,Newton Abbot,High Aura,Hurdle, ,N,5,3,2,1.8,4,S,f,3,149, ,0,5,1,2,1,1,1,0,4,333,2,5,66.67,0,0,0,0,Jul,Mdn-Juv-Hdle,Dan Skelton,Harry Skelton,55.7,55.7,0,3,0,33.33,33.33,33.33,33.33,100,100,0,33.33,366.65,0,0,3687,0,20,1,1,1,0,0,0, 
260719,1430,Newton Abbot,Timely Salute,Hurdle, ,N,5,4.33,3.75,4,4,U,g,3,156, ,0,10,2,2,4,99,99,0,0,199,0,7,0,0,0,0,0,Jul,Mdn-Juv-Hdle,Max Comley,Tom Broughton,29.9,28.12,3,4,-10,33.33,33.33,33.33,33.33,33.33,33.33,0,33.33,233.31,0,0,3687,0,50,3,6,6,0,0,0, 
260719,1430,Newton Abbot,My Champion,Hurdle, ,N,5,8.33,5,5.5,4,U,g,3,156, ,0,15,5,4,4,99,99,0,0,199,0,7,0,0,0,0,0,Jul,Mdn-Juv-Hdle,Harriet Dickin,James Best,22.04,15.38,0,5,-20,33.33,33.33,33.33,33.33,33.33,33.33,0,33.33,233.31,0,0,3687,0,48,2,8,8,194,4,0, 
260719,1430,Newton Abbot,Us Officer,Hurdle, ,N,5,4.66,12,12,4,U,g,3,156, ,0,10,2,2,3,99,99,0,0,216,0,6,16.67,0,0,0,0,Jul,Mdn-Juv-Hdle,Tom Dascombe,Brendan Powell,21.89,31.17,0,11,-10,33.33,33.33,33.33,33.33,33.33,50,0,33.33,249.98,0,0,3687,0,44,1,3,6,0,0,0, 
260719,1430,Newton Abbot,Hearts To Heaven,Hurdle, ,N,5,5,15,15,4,S,f,3,149, ,0,12,4,4,2,99,99,0,0,266,1,6,50,0,0,0,0,Jul,Mdn-Juv-Hdle,J Tickle,Mr Callum Pritchard,56.77,27.93,0,0,-20,33.33,33.33,33.33,33.33,100,33.33,0,33.33,299.98,0,0,3687,0,0,0,0,0,0,0,0, 
260719,1440,Curragh,Ibelieveicanfly,Turf, ,N,10,5.33,1.62,1.67,4,S,f,2,128,Y,0.92,4,1,1,1,1,1,0,5,632,2,0,182.34,0,0,0,0,Jul,Mdn-Fil-EBF,A P O'Brien,Ryan Moore,40.35,46.68,0,2,10,90,100,90,100,80,80,92,95.52,727.52,5,0,1540,0,21,2,2,2,0,0,0, 
260719,1440,Curragh,Alpine Wedding,Turf, ,N,10,8,8,7,4,S,f,2,128,Y,1.23,9,2,2,2,3,4,0,0,449,1,2,14.34,0,0,0,0,Jul,Mdn-Fil-EBF,P Twomey,W J Lee,51.5,39.2,0,5,-10,50,33.33,50,33.33,80,80,123,33.33,482.99,10,0,1540,0,45,1,1,1,0,0,0, 
260719,1440,Curragh,Speckles,Turf, ,N,10,10,8,9,4,S,f,2,128,Y,0.71,20,4,2,10,99,99,0,0,364,0,4,0,0,0,0,0,Jul,Mdn-Fil-EBF,A P O'Brien,Wayne Lordan,40.35,41.74,0,0,-10,33.33,33.33,33.33,33.33,80,80,71,33.33,397.65,7,0,1540,0,0,0,0,0,0,0,0, 
260719,1440,Curragh,Admired Beauty,Turf, ,N,10,29.33,12,11,4,S,f,2,128,Y,1.63,29,10,5,9,99,99,0,0,371,1,5,7.33,0,0,0,0,Jul,Mdn-Fil-EBF,J S Bolger,Declan McDonogh,23.98,31.68,0,0,-20,33.33,33.33,33.33,33.33,33.33,80,125,33.33,404.98,2,0,1540,0,0,0,0,0,0,0,0, 
260719,1440,Curragh,Fly Smartly,Turf, ,N,10,11.66,13,13,4,S,f,2,128,Y,0.61,16,3,2,6,2,2,0,0,407,0,2,6.34,0,0,0,0,Jul,Mdn-Fil-EBF,Robson Aguiar,Donagh O'Connor,19.54,37.97,0,3,-10,60,60,33.33,33.33,80,80,61,33.33,440.99,1,0,1540,0,15,1,1,1,0,0,0, 
260719,1440,Curragh,Beach,Turf, ,N,10,14.33,17,17,4,S,f,2,128,Y,1.33,22,6,5,5,99,99,0,0,418,1,4,10.66,0,0,0,0,Jul,Mdn-Fil-EBF,A P O'Brien,Jack Cleary,40.35,24.93,5,0,-20,33.33,33.33,33.33,33.33,80,80,125,33.33,451.65,4,0,1540,0,0,0,0,0,0,0,0, 
260719,1440,Curragh,Citrus Springs,Turf, ,N,10,10.66,15,17,4,S,f,2,128,Y,1.02,21,5,9,3,5,5,0,0,435,3,4,17,0,0,0,0,Jul,Mdn-Fil-EBF,Joseph Patrick O'Brien,Dylan Browne McMonagle,58.76,55.56,0,6,-30,33.33,33.33,33.33,33.33,100,100,102,33.33,468.65,6,0,1540,0,49,1,1,1,0,0,0, 
260719,1440,Curragh,Green Sparkle,Turf, ,N,10,11.33,21,21,4,S,f,2,128,Y,0.98,22,6,5,7,99,99,0,0,401,1,4,22.67,0,0,0,0,Jul,Mdn-Fil-EBF,Joseph Patrick O'Brien,J M Sheridan,58.76,59.31,0,0,-20,33.33,33.33,33.33,33.33,100,70,98,33.33,434.65,9,0,1540,0,0,0,0,0,0,0,0, 
260719,1440,Curragh,Shi Yang,Turf, ,N,10,15,29,34,4,S,f,2,128,Y,1.22,24,8,9,3,4,3,0,0,435,2,4,0,0,0,0,0,Jul,Mdn-Fil-EBF,Robson Aguiar,Rossa Ryan,19.54,40.84,0,4,-30,33.33,33.33,33.33,33.33,80,100,122,33.33,468.65,8,0,1540,0,15,2,2,2,0,0,0, 
260719,1440,Curragh,Sword Of State,Turf, ,N,10,27.33,101,101,4,S,f,2,128,Y,1.12,27,9,5,8,99,99,0,0,378,2,5,7,0,0,0,0,Jul,Mdn-Fil-EBF,Brendan W Duke,Rory Cleary,71.91,20.56,0,0,-20,33.33,33.33,33.33,33.33,100,33.33,112,33.33,411.98,3,0,1540,0,0,0,0,0,0,0,0, 
260719,1448,Stratford,Stellarmasterpiece,Hurdle, ,Y,7,3.33,2.38,2.5,5,S,m,6,157, ,0,4,1,1,1,1,1,0,5,550,3,1,173.34,0,0,0,0,Jul,Hcap-Nov-Hdle,Micky Hammond,Sean Bowen,44.14,38.21,0,1,50,90,100,100,100,80,80,0,103.38,653.38,0,0,4108,0,19,4,10,20,19,1,0, 
260719,1448,Stratford,Get A Superstar,Hurdle, ,Y,7,5.33,5,4.5,5,S,g,8,166, ,0,9,2,3,2,2,6,0,0,376,2,3,16.67,0,0,0,0,Jul,Hcap-Nov-Hdle,Dr Richard Newland,Charlie Hammond,27.19,34,0,3,0,60,33.33,100,33.33,100,50,0,33.33,409.99,0,0,4108,0,17,3,4,9,37,2,0, 
260719,1448,Stratford,Northern Rose,Hurdle, ,Y,7,6.33,5,5,5,S,m,6,151, ,0,13,3,2,4,3,2,0,0,343,0,2,76.68,0,0,0,0,Jul,Hcap-Nov-Hdle,Gary Hanmer,James Davies,25.29,50.62,0,2,10,60,60,70,50,33.33,70,0,96.61,439.94,0,0,4108,0,20,2,7,16,0,0,0, 
260719,1448,Stratford,Mystic Wind,Hurdle, ,Y,7,7,5,6.5,5,D,g,4,156, ,0,19,5,4,5,7,99,0,0,266,1,6,66.67,0,0,0,0,Jul,Hcap-Nov-Hdle,Dan Skelton,Mr T Durrell,55.7,0,0,7,-10,33.33,33.33,33.33,33.33,100,33.33,0,33.33,299.98,0,0,4108,0,12,3,3,3,0,0,0, 
260719,1448,Stratford,Kotgar,Hurdle, ,Y,7,12,11,9,5,S,g,5,146, ,0,17,4,4,3,5,3,0,0,359,2,4,16.66,0,0,0,0,Jul,Hcap-Nov-Hdle,Mrs C Williams,Mr Ellis Collier,53.41,100,5,5,-10,33.33,33.33,33.33,60,100,100,0,33.33,393.32,0,0,4108,0,33,1,5,10,0,0,0, 
260719,1448,Stratford,Ghost Pepper,Hurdle, ,Y,7,15.33,23,19,5,S,g,6,145, ,0,22,6,6,6,4,5,0,0,199,0,7,0,0,0,0,0,Jul,Hcap-Nov-Hdle,David Brace,Mr James Turner,0,13.67,5,254,-40,33.33,33.33,33.33,33.33,33.33,33.33,0,33.33,233.31,0,0,4108,0,236,0,3,7,0,0,0, 
260719,1448,Stratford,Hopjes,Hurdle, ,Y,7,18.66,67,67,5,S,g,6,145, ,0,25,7,6,6,6,4,0,0,199,0,7,0,0,0,0,0,Jul,Hcap-Nov-Hdle,Harriet Dickin,Miss Megan Bevan,22.04,16.21,7,7,-40,33.33,33.33,33.33,33.33,33.33,33.33,0,33.33,233.31,0,0,4108,0,33,2,13,14,0,0,0, 
260719,1458,Redcar,Stitching Wheel,Turf, ,Y,4,2.33,1.62,1.67,6,S,f,4,135, ,0.84,8,2,1,4,2,1,4,2,430,1,2,0,0,0,0,0,Jul,Hcap,Chris Grant,C Horgan,0,38.02,5,1,100,60,70,33.33,100,33.33,50,84,33.33,463.99,4,0,3517,0,29,4,10,10,29,1,0, 
260719,1458,Redcar,Billy Bathgate,Turf, ,Y,4,3.33,5,4,6,D,g,10,132, ,0.84,7,1,3,1,1,3,1,4,624,4,0,163.34,0,0,0,0,Jul,Hcap,Ewan Whillans,Jason Hart,43.53,42.37,0,6,20,70,70,100,100,100,100,84,33.33,657.33,1,0,3517,0,22,1,20,28,225,13,0, 
260719,1458,Redcar,Lillistar,Turf, ,Y,4,4.33,4.33,4.5,6,S,m,6,127, ,0.84,10,3,2,2,3,2,2,0,460,1,2,22.34,0,0,0,0,Jul,Hcap,Micky Hammond,Aiden Brookes,44.14,34.29,0,3,60,33.33,50,100,33.33,80,80,84,101.63,562.29,3,0,3517,0,50,3,14,19,286,11,0, 
260719,1458,Redcar,Sweet Cicely,Turf, ,Y,4,10,29,29,6,S,f,4,124, ,2,15,4,4,3,4,4,3,0,438,2,4,7.66,0,0,0,0,Jul,Hcap,Mike Sowersby,Cam Hardie,68,31.17,0,6,-20,33.33,33.33,33.33,33.33,80,100,125,33.33,471.65,2,0,3517,0,26,3,7,22,0,0,0, 
260719,1505,Newton Abbot,Diamond White,Hurdle, ,N,8,6.33,3.25,2.75,4,S,m,5,162, ,0,14,3,3,4,4,4,0,0,366,1,3,33.34,0,0,0,0,Jul,Mdn-Mare-Hdle,Jonjo O'Neill,Jonjo O'Neill Jr,58.84,58.84,0,2,10,60,33.33,60,33.33,100,80,0,61.29,427.95,0,0,3687,0,18,2,5,5,0,0,0, 
260719,1505,Newton Abbot,Getmyfriend,Hurdle, ,N,8,4.66,3.25,3.75,4,S,m,5,162, ,0,8,1,3,1,3,6,0,2,510,3,1,46.67,0,0,0,0,Jul,Mdn-Mare-Hdle,Dan Skelton,Harry Skelton,55.7,55.7,0,3,10,70,70,100,70,100,100,0,33.33,543.33,0,0,3687,0,16,3,4,4,69,3,0, 
260719,1505,Newton Abbot,Crystal Jet,Hurdle, ,N,8,9.33,5.5,4.33,4,D,f,4,158, ,0,18,5,8,3,1,3,0,1,393,1,2,26.67,0,0,0,0,Jul,Mdn-Mare-Hdle,T S M Bulgin,Jonathan Burke,16,45.16,0,8,-30,70,70,100,60,33.33,60,0,88.7,482.03,0,0,3687,0,30,2,5,5,104,3,0, 
260719,1505,Newton Abbot,Take The Boat,Hurdle, ,N,8,6,5.5,5.5,4,S,f,4,158, ,0,8,1,2,2,2,5,0,1,463,1,2,70,0,0,0,0,Jul,Mdn-Mare-Hdle,Ms Georgina Nicholls,Harry Bannister,53.63,51.08,0,3,15,90,90,33.33,80,70,100,0,33.33,496.66,0,0,3687,0,33,4,12,24,167,9,0, 
260719,1505,Newton Abbot,Ask Peter,Hurdle, ,N,8,8,11,13,4,U,m,7,162, ,0,17,4,1,6,5,1,0,2,289,1,5,23.34,0,0,0,0,Jul,Mdn-Mare-Hdle,Anthony Honeyball,Mr James Robottom,100,0,10,4,20,33.33,50,33.33,40,100,33.33,0,101.61,391.6,0,0,3687,0,16,2,8,11,0,0,0, 
260719,1505,Newton Abbot,Arfursgal,Hurdle, ,N,8,9.66,17,23,4,S,m,5,162, ,0,24,7,5,7,6,8,0,0,266,1,6,66.67,0,0,0,0,Jul,Mdn-Mare-Hdle,Anthony Honeyball,Benjamin Godfrey,100,9.18,0,2,-20,33.33,33.33,33.33,33.33,100,33.33,0,33.33,299.98,0,0,3687,0,54,1,1,4,0,0,0, 
260719,1505,Newton Abbot,Steal A Glance,Hurdle, ,N,8,8.33,23,29,4,S,f,4,158, ,0,21,6,5,5,7,2,0,0,333,2,5,43.33,0,0,0,0,Jul,Mdn-Mare-Hdle,Anthony Honeyball,Mr Chad Bament,100,100,5,5,-20,33.33,33.33,33.33,33.33,100,100,0,95.16,428.48,0,0,3687,0,16,2,5,5,0,0,0, 
260719,1505,Newton Abbot,Lundy View,Hurdle, ,N,8,26.66,126,151,4,S,f,4,158, ,0,29,8,5,8,8,7,0,0,199,0,7,0,0,0,0,0,Jul,Mdn-Mare-Hdle,Nigel Hawke,David Noonan,0,19,0,7,-20,33.33,33.33,33.33,33.33,33.33,33.33,0,33.33,233.31,0,0,3687,0,16,2,3,3,0,0,0, 
260719,1515,Curragh,Power Blue,Turf, ,N,7,7,3.25,3.25,1,S,c,3,129,Y,0.92,13,2,1,2,4,6,0,1,602,3,0,20,0,0,0,0,Jul,Gp2,Robson Aguiar,Rossa Ryan,19.54,40.84,0,4,50,60,70,100,100,80,100,92,33.33,635.33,5,0,1540,0,33,3,6,10,344,5,0, 
260719,1515,Curragh,Big Gossey,Turf, ,N,7,7,4,4.5,1,S,g,9,136,Y,1.12,15,4,3,5,2,1,0,1,555,3,1,27,0,0,0,0,Jul,Gp2,Charles O'Brien,W J Lee,25.41,39.2,0,1,30,60,70,100,100,33.33,80,112,84.21,639.54,3,0,1540,0,21,3,13,29,21,1,0, 
260719,1515,Curragh,Zodiac Bear,Turf, ,N,7,6.66,5.5,5.5,1,S,g,4,136,Y,0.61,10,1,6,1,1,5,0,3,611,3,0,9,0,0,0,0,Jul,Gp2,J P Murtagh,Ben Coen,43.65,39.37,0,1,-10,90,100,100,100,80,80,61,77.63,688.63,1,0,1540,0,21,2,2,5,21,1,0, 
260719,1515,Curragh,Audience,Turf, ,N,7,6.33,7.5,6,1,S,g,7,136,Y,1.33,18,5,1,6,7,7,0,1,528,2,1,36.67,0,0,0,0,Jul,Gp2,David O'Meara,Colin Keane,29.09,49.87,0,2,50,50,60,100,33.33,80,80,125,71.05,599.38,4,0,1540,0,38,2,6,10,719,10,0, 
260719,1515,Curragh,Dorset,Turf, ,N,7,6.33,9,9,1,S,c,3,129,Y,0.71,13,2,5,4,3,2,0,0,561,2,0,5.67,0,0,0,0,Jul,Gp2,A P O'Brien,Ryan Moore,40.35,46.68,0,9,0,60,70,100,100,80,80,71,90.78,651.78,7,0,1540,0,29,1,6,8,274,3,0, 
260719,1515,Curragh,Duckadilly,Turf, ,N,7,6.33,9,11,1,S,m,5,133,Y,1.63,18,5,3,7,5,3,0,0,491,2,2,0,0,0,0,0,Jul,Gp2,Daniel McLoughlin,Scott McCullagh,38.96,25.16,0,1,30,60,60,100,33.33,80,33.33,125,96.05,587.71,2,0,1540,0,10,4,8,10,10,1,0, 
260719,1515,Curragh,East Hampton,Turf, ,N,7,8.66,10,12,1,S,g,4,136,Y,1.02,22,7,6,3,6,4,0,0,582,3,0,21,0,0,0,0,Jul,Gp2,David Marnane,Luke McAteer,38.46,36.44,0,5,-10,50,70,100,100,80,80,102,72.36,654.36,6,0,1540,0,38,1,5,11,483,9,0, 
260719,1523,Stratford,Charging Thunder,Hurdle, ,Y,5,4,2.38,2.38,4,D,g,8,159, ,0,9,2,3,2,2,5,0,0,396,1,3,63.33,0,0,0,0,Jul,Hcap-Hdle,James Owen,Sean Bowen,46.27,38.21,0,11,40,70,33.33,100,33.33,80,80,0,33.33,429.99,0,0,4847,0,22,3,13,26,353,13,0, 
260719,1523,Stratford,Lion Of The Desert,Hurdle, ,Y,5,3,3,3.25,4,S,g,6,161, ,0,4,1,1,1,1,1,0,5,493,3,2,96.67,0,0,0,0,Jul,Hcap-Hdle,G Harris,Mr J A Anderson,36.12,0,3,1,90,70,90,100,100,100,33.33,0,106.45,599.78,0,0,4847,0,19,5,13,17,19,1,0, 
260719,1523,Stratford,Campaign Trail,Hurdle, ,Y,5,4.66,4.33,4.33,4,S,g,6,168, ,0,11,3,2,3,3,2,0,0,333,0,3,33.34,0,0,0,0,Jul,Hcap-Hdle,Kim Bailey,Tom Bellamy,44.43,28.57,0,254,80,60,60,33.33,40,60,80,0,91.93,425.26,0,0,4847,0,36,2,6,12,68,2,0, 
260719,1523,Stratford,Parikarma,Hurdle, ,Y,5,6.66,12,13,4,S,m,9,150, ,0,17,4,4,4,4,3,0,0,299,0,4,53.34,0,0,0,0,Jul,Hcap-Hdle,Samuel Drinkwater,Miss Imogen Mathias,7.21,6.25,7,7,30,50,33.33,60,90,33.33,33.33,0,33.33,333.32,0,0,4847,0,7,4,7,12,0,0,0, 
260719,1523,Stratford,Hillview,Hurdle, ,Y,5,7,17,15,4,D,g,10,156, ,0,19,5,5,5,5,4,0,0,246,0,6,0,0,0,0,0,Jul,Hcap-Hdle,Gary Hanmer,James Bowen,25.29,31.96,0,254,-10,33.33,33.33,33.33,33.33,33.33,80,0,33.33,279.98,0,0,4847,0,12,2,5,5,0,0,0, 
260719,1533,Redcar,Amidst The Chaos,Turf, ,Y,7,5.33,2.63,2.88,5,S,g,4,139, ,1.04,7,1,2,2,1,2,1,3,604,3,0,14,0,0,0,0,Jul,Hcap,Nigel Tinkler,Lewis Edmunds,28.9,46.89,0,2,130,70,100,100,70,80,80,104,101.56,705.56,5,0,1759,0,16,5,11,13,28,2,0, 
260719,1533,Redcar,Rajapour,Turf, ,Y,7,7,5.5,5,5,S,g,6,135, ,1.24,16,5,1,5,4,1,6,2,554,2,0,2.67,0,0,0,0,Jul,Hcap,David O'Meara,Mark Winn,29.09,26.12,0,4,140,60,60,100,50,80,80,124,98.43,652.43,7,0,1759,0,12,7,22,25,216,14,0, 
260719,1533,Redcar,Yafaarr,Turf, ,Y,7,7,5,5.5,5,S,g,4,130, ,1.32,14,4,7,1,5,5,4,1,605,3,0,1,0,0,0,0,Jul,Hcap,Sam England,Shane Gray,41.25,23.52,0,3,20,50,70,100,100,80,80,125,95.31,700.31,1,0,1759,0,16,6,14,18,29,2,0, 
260719,1533,Redcar,Titainium,Turf, ,Y,7,8,11,7.5,5,S,g,5,132, ,1.08,23,6,6,6,6,7,2,0,551,3,1,33,0,0,0,0,Jul,Hcap,Grant Tuer,Oliver Stammers,42.01,30.21,0,8,50,60,70,33.33,100,80,100,108,33.33,584.66,3,0,1759,0,41,1,2,13,395,4,0, 
260719,1533,Redcar,Criminal Shore,Turf, ,Y,7,5.66,8,8.5,5,D,g,4,137, ,1.08,12,2,2,4,3,3,3,0,558,3,0,4,0,0,0,0,Jul,Hcap,David O'Meara,Daniel Tudhope,29.09,35.66,0,17,130,60,60,100,50,80,100,108,100,658,4,0,1759,0,37,5,13,21,47,2,0, 
260719,1533,Redcar,Bowood,Turf, ,Y,7,8.66,8.5,10,5,D,g,6,138, ,1.44,26,7,5,7,7,6,7,0,518,3,1,0,0,0,0,0,Jul,Hcap,Ivan Furtado,Elle-May Croot,34.29,26.72,5,7,70,50,60,100,50,100,33.33,125,78.12,596.45,2,0,1759,0,23,2,13,27,254,6,0, 
260719,1533,Redcar,Nyman,Turf, ,Y,7,6.33,12,11,5,D,g,4,139, ,1.2,13,3,4,3,2,4,4,0,590,4,0,32,0,0,0,0,Jul,Hcap,Roger Fell,Miss Joanna Mason,40.71,39.92,0,6,105,100,60,60,50,100,100,120,84.37,674.37,6,0,1759,0,54,4,10,18,260,6,0, 
260719,1540,Newton Abbot,It's A Breeze,Chase, ,Y,8,4.66,3,3,5,D,g,7,169, ,0,7,2,3,1,2,2,0,1,450,3,1,6.67,0,0,0,0,Jul,Hcap-Cha,Paul Nicholls,Mr P Hanlon,100,30.26,5,1,50,50,50,100,100,100,50,0,108.62,558.62,0,0,4616,0,6,4,10,13,6,1,0, 
260719,1540,Newton Abbot,Chief Black Robe,Chase, ,Y,8,5.66,4,4.33,5,S,g,10,161, ,0,12,3,2,3,4,4,0,0,283,1,5,16.67,0,0,0,0,Jul,Hcap-Cha,Fergal O'Brien,Tom Broughton,25.24,28.12,3,6,100,50,33.33,33.33,33.33,100,33.33,0,33.33,316.65,0,0,4616,0,71,1,10,12,0,0,0, 
260719,1540,Newton Abbot,The Gypsy Davey,Chase, ,Y,8,4.66,5,5,5,D,g,8,168, ,0,6,1,1,2,1,1,0,4,443,3,2,160.01,0,0,0,0,Jul,Hcap-Cha,Mrs C Williams,Conor Ring,53.41,47.72,0,2,110,100,50,100,33.33,100,60,0,105.17,548.5,0,0,4616,0,6,3,9,18,436,12,0, 
260719,1540,Newton Abbot,Flashy Boy,Chase, ,Y,8,10.66,7,6,5,S,g,9,148, ,0,22,6,7,7,99,99,0,0,199,0,7,0,0,0,0,0,Jul,Hcap-Cha,R Llewellyn,Charlie Price,0,15.43,0,254,-30,33.33,33.33,33.33,33.33,33.33,33.33,0,33.33,233.31,0,0,4616,0,184,0,1,2,0,0,0, 
260719,1540,Newton Abbot,Watchoutitscookie,Chase, ,Y,8,13.33,8.5,8.5,5,S,g,8,143, ,0,20,5,4,6,3,3,0,0,233,0,5,33.34,0,0,0,0,Jul,Hcap-Cha,Nigel Hawke,David Noonan,0,19,0,11,5,50,50,33.33,33.33,33.33,33.33,0,70.68,304,0,0,4616,0,42,2,8,17,582,16,0, 
260719,1540,Newton Abbot,Senor Diaz,Chase, ,Y,8,15.66,15,13,5,S,g,7,142, ,0,26,8,5,7,6,6,0,0,199,0,7,0,0,0,0,0,Jul,Hcap-Cha,Jimmy Frost,James Best,0,15.38,0,3,-20,33.33,33.33,33.33,33.33,33.33,33.33,0,67.24,267.22,0,0,4616,0,53,1,5,7,0,0,0, 
260719,1540,Newton Abbot,Emberscombe,Chase, ,Y,8,14,17,19,5,S,m,9,142, ,0,22,6,7,4,5,5,0,0,266,1,6,0,0,0,0,0,Jul,Hcap-Cha,J Tickle,Miss Aimee Jones,56.77,0,7,6,-30,33.33,33.33,33.33,33.33,100,33.33,0,91.37,358.02,0,0,4616,0,18,2,4,8,0,0,0, 
260719,1540,Newton Abbot,Chillhi,Chase, ,Y,8,10.33,34,34,5,U,g,6,159, ,0,18,4,5,4,99,99,0,0,266,1,6,33.33,0,0,0,0,Jul,Hcap-Cha,Barry T Murphy,Mr Callum Pritchard,21.63,27.93,0,7,-20,33.33,33.33,100,33.33,33.33,33.33,0,33.33,299.98,0,0,4616,0,19,7,18,37,316,12,0, 
260719,1550,Curragh,Mallavelly,Turf, ,Y,6,4.33,4,3.25,3,D,m,5,135,Y,0.54,9,2,3,2,3,2,0,0,594,3,0,22,0,0,0,0,Jul,Hcap-Fil-EBF,G M Lyons,Colin Keane,48.73,49.87,0,2,40,70,90,100,100,100,80,54,95.71,689.71,5,0,1760,0,22,3,6,14,345,6,0, 
260719,1550,Curragh,Kirkland Sioux,Turf, ,Y,6,8.33,3.5,3.75,3,U,f,3,119,Y,1.08,19,5,6,4,5,6,0,0,541,3,1,71,0,0,0,0,Jul,Hcap-Fil-EBF,Joseph Patrick O'Brien,Declan McDonogh,58.76,31.68,0,1,-40,33.33,70,100,50,100,80,108,77.14,618.47,4,0,1760,0,18,5,5,5,18,1,0, 
260719,1550,Curragh,Glitter And Glory,Turf, ,Y,6,8.33,4,4.33,3,U,f,3,119,Y,1.17,20,6,5,5,4,5,0,0,470,1,1,12.34,0,0,0,0,Jul,Hcap-Fil-EBF,Mrs John Harrington,K G Kennedy,25.86,27.41,5,3,-10,60,70,60,50,80,33.33,117,78.57,548.9,2,0,1760,0,6,3,8,11,121,4,0, 
260719,1550,Curragh,Sanctijude,Turf, ,Y,6,6,6,6.5,3,D,f,3,124,Y,1.08,11,3,4,1,1,4,0,2,668,5,0,74,0,0,0,0,Jul,Hcap-Fil-EBF,W McCreery,Dylan Browne McMonagle,35.95,55.56,0,7,5,70,90,100,100,100,100,108,67.14,735.14,3,0,1760,0,21,4,10,11,60,2,0, 
260719,1550,Curragh,Orchidaceae,Turf, ,Y,6,5.33,8,8.5,3,D,f,4,140,Y,1.08,17,4,2,6,6,3,0,0,457,2,3,0,0,0,0,0,Jul,Hcap-Fil-EBF,Andrew Oliver,W J Lee,33.9,39.2,0,6,60,70,33.33,33.33,33.33,100,80,108,85.71,543.7,6,0,1760,0,22,1,2,6,408,4,0, 
260719,1550,Curragh,Pink Oxalis,Turf, ,Y,6,4.33,13,11,3,S,m,5,139,Y,0.72,8,1,1,3,2,1,0,3,572,2,0,30.67,0,0,0,0,Jul,Hcap-Fil-EBF,Stephen Thorne,J Kearney,58.06,56.13,3,6,135,70,70,100,100,80,80,72,111.42,683.42,1,0,1760,0,37,3,11,23,309,8,0, 
260719,1558,Stratford,Captain Cool,Chase, ,Y,5,4.33,2.63,2.63,2,U,g,6,160, ,0,11,1,4,4,2,3,0,1,446,3,3,110,0,0,0,0,Jul,Hcap-Cha,Jennie Candlish,Mr Luke Scott,33.05,17.19,3,1,-20,33.33,100,100,100,80,33.33,0,87.83,534.49,0,0,3733,0,19,5,13,14,19,1,0, 
260719,1558,Stratford,In The Air,Chase, ,Y,5,5.33,3,3.25,2,U,g,8,157, ,0,11,1,4,1,1,4,0,3,520,3,1,20,0,0,0,0,Jul,Hcap-Cha,Alastair Ralph,Ciaran Gethings,52.6,30.22,0,1,-20,90,100,100,100,80,50,0,83.78,603.78,0,0,3733,0,1,2,8,16,33,1,0, 
260719,1558,Stratford,Breaking Cover,Chase, ,Y,5,4,5.5,5.5,2,S,g,8,164, ,0,11,1,2,3,4,2,0,1,453,2,2,6.67,0,0,0,0,Jul,Hcap-Cha,Anthony Honeyball,Sam Twiston-Davies,100,53.67,0,4,0,33.33,60,100,90,100,70,0,91.89,545.22,0,0,3733,0,21,1,9,10,263,4,0, 
260719,1558,Stratford,Centara,Chase, ,Y,5,4.33,6,6.5,2,U,g,8,166, ,0,11,1,2,2,3,1,0,2,500,2,1,46.67,0,0,0,0,Jul,Hcap-Cha,Paul Nicholls,Mr Frederick Gingell,100,53.13,0,4,0,50,90,100,90,100,70,0,94.59,594.59,0,0,3733,0,46,2,6,13,293,4,0, 
260719,1558,Stratford,Sir Tivo,Chase, ,Y,5,5,13,11,2,S,g,12,156, ,0,14,5,1,5,5,5,0,1,336,1,4,0,0,0,0,0,Jul,Hcap-Cha,Gary Hanmer,Sean Bowen,25.29,38.21,0,3,10,33.33,50,100,40,33.33,80,0,33.33,369.99,0,0,3733,0,21,3,5,13,277,4,0, 
260719,1608,Redcar,Be Patient,Turf, ,Y,4,3,1.44,1.44,4,S,c,3,133, ,1.4,6,1,3,1,1,2,1,4,705,6,0,10,0,0,0,0,Jul,Hcap,Ed Bethell,Daniel Tudhope,54.58,35.66,0,1,50,100,100,100,100,80,100,125,104.47,809.47,3,0,2201,0,16,1,3,3,16,1,0, 
260719,1608,Redcar,Financer,Turf, ,Y,4,3,4.33,4.33,4,U,g,5,130, ,1.31,9,2,1,3,3,1,3,2,615,4,0,227.01,0,0,0,0,Jul,Hcap,Tim Easterby,Mr Jake Dickson,35.17,43.7,7,2,130,60,70,100,60,100,100,125,107.46,722.46,1,0,2201,0,15,5,11,23,668,19,0, 
260719,1608,Redcar,Blue To Blue,Turf, ,Y,4,5.66,11,11,4,D,g,3,130, ,0.68,16,4,4,4,4,4,4,0,387,1,3,0,0,0,0,0,Jul,Hcap,Ruth Jefferson,Billy Garritty,0,28.56,0,14,15,33.33,60,33.33,60,33.33,100,68,33.33,421.32,2,0,2201,0,22,3,8,12,318,6,0, 
260719,1608,Redcar,Nepal,Turf, ,Y,4,3.66,11,11,4,S,g,4,144, ,1.36,9,2,2,2,2,3,2,0,695,6,0,80,0,0,0,0,Jul,Hcap,Ivan Furtado,Jason Hart,34.29,42.37,0,3,100,70,100,100,100,100,100,125,95.52,790.52,4,0,2201,0,306,0,3,8,347,3,0, 
260719,1615,Newton Abbot,Saucats,Hurdle, ,Y,9,6,4,3.75,5,S,g,5,153, ,0,10,2,1,2,4,2,0,1,433,3,2,60,0,0,0,0,Jul,Hcap-Hdle,J Tickle,Benjamin Godfrey,56.77,9.18,0,2,120,50,50,100,100,100,33.33,0,110.16,543.49,0,0,4070,0,6,6,14,19,16,2,0, 
260719,1615,Newton Abbot,Makinbecon,Hurdle, ,Y,9,6.33,4,4.5,5,S,g,6,156, ,0,8,1,5,1,1,6,0,3,446,2,3,13.33,0,0,0,0,Jul,Hcap-Hdle,Barry T Murphy,Mr Callum Pritchard,21.63,27.93,0,1,40,90,90,100,100,33.33,33.33,0,89.83,536.49,0,0,4070,0,14,4,8,8,14,1,0, 
260719,1615,Newton Abbot,Mi Sueno,Hurdle, ,Y,9,9.66,5.5,5,5,S,g,7,144, ,0,27,8,8,8,9,7,0,0,216,0,6,0,0,0,0,0,Jul,Hcap-Hdle,Nick Scholfield,Harry Reed,25.38,33.33,0,5,0,33.33,33.33,33.33,33.33,33.33,50,0,76.27,292.92,0,0,4070,0,32,4,8,15,0,0,0, 
260719,1615,Newton Abbot,Man Oh Man,Hurdle, ,Y,9,8.66,6,6.5,5,S,g,7,152, ,0,17,4,7,3,3,5,0,0,373,1,2,20,0,0,0,0,Jul,Hcap-Hdle,D P Summersby,Mr Bryan Carver,0,69.43,0,2,15,50,50,50,100,33.33,90,0,91.52,464.85,0,0,4070,0,26,3,10,10,0,0,0, 
260719,1615,Newton Abbot,Linden Lane,Hurdle, ,Y,9,9.66,7.5,8,5,D,g,6,160, ,0,22,5,4,6,7,9,0,0,283,1,5,50,0,0,0,0,Jul,Hcap-Hdle,Mrs C Williams,Mr Osian Radford,53.41,0,10,5,60,50,33.33,33.33,33.33,100,33.33,0,33.33,316.65,0,0,4070,0,26,3,9,14,0,0,0, 
260719,1615,Newton Abbot,Yanka Blue,Hurdle, ,Y,9,12.33,9,9.5,5,S,m,5,148, ,0,28,9,9,7,6,8,0,0,233,0,5,16.67,0,0,0,0,Jul,Hcap-Hdle,Barry T Murphy,Paul O'Brien,21.63,36.59,0,2,-10,33.33,50,33.33,33.33,33.33,50,0,89.83,323.15,0,0,4070,0,7,4,12,13,0,0,0, 
260719,1615,Newton Abbot,Son Of Hypnos,Hurdle, ,Y,9,12,17,15,5,S,g,9,168, ,0,26,7,2,8,8,3,0,0,216,0,6,0,0,0,0,0,Jul,Hcap-Hdle,R G Chapman,Mr Jack Stenhouse,0,28.63,7,7,115,50,33.33,33.33,33.33,33.33,33.33,0,101.69,318.34,0,0,4070,0,38,2,11,18,720,18,0, 
260719,1615,Newton Abbot,Applejack Poet,Hurdle, ,Y,9,12,19,19,5,S,g,9,158, ,0,23,6,6,5,5,4,0,0,286,0,3,3.34,0,0,0,0,Jul,Hcap-Hdle,Barry T Murphy,David Noonan,21.63,19,0,4,20,50,60,50,60,33.33,33.33,0,72.88,359.54,0,0,4070,0,7,3,7,14,0,0,0, 
260719,1625,Curragh,Al Riffa,Turf, ,N,8,4.33,2.1,2,1,S,h,6,137,Y,1.54,4,1,1,1,1,1,0,5,725,7,0,136.67,0,0,0,0,Jul,Gp2,Joseph Patrick O'Brien,Dylan Browne McMonagle,58.76,55.56,0,4,200,100,100,100,100,100,100,125,110.52,835.52,1,0,3084,0,31,1,3,4,308,2,0, 
260719,1625,Curragh,Illinois,Turf, ,N,8,5.33,4,4,1,U,h,5,137,Y,1.54,13,2,2,5,4,3,0,0,558,2,1,53.33,0,0,0,0,Jul,Gp2,A P O'Brien,Ryan Moore,40.35,46.68,0,1,145,70,70,100,33.33,80,80,125,92.1,650.43,2,0,3084,0,29,3,5,9,29,1,0, 
260719,1625,Curragh,Tennessee Stud,Turf, ,N,8,12,8,9,1,S,c,4,137,Y,0,26,7,5,7,7,8,0,0,383,1,2,0,0,0,0,0,Jul,Gp2,Joseph Patrick O'Brien,J M Sheridan,58.76,59.31,0,3,30,60,50,33.33,70,100,70,0,33.33,416.66,4,0,3084,0,51,1,1,7,686,6,0, 
260719,1625,Curragh,Trustyourinstinct,Turf, ,N,8,7,9,9,1,S,g,6,137,Y,0.77,15,3,3,4,5,6,0,0,560,3,1,2,0,0,0,0,Jul,Gp2,Joseph Patrick O'Brien,Declan McDonogh,58.76,31.68,0,2,70,70,100,33.33,100,100,80,77,33.33,593.66,5,0,3084,0,21,3,6,12,37,2,0, 
260719,1625,Curragh,Floresta,Turf, ,N,8,10,9.5,9,1,S,f,4,134,Y,1.54,17,5,8,2,3,5,0,0,588,3,1,8,0,0,0,0,Jul,Gp2,J P Murtagh,Ben Coen,43.65,39.37,0,1,0,70,100,100,33.33,80,80,125,92.1,680.43,8,0,3084,0,11,2,5,8,11,1,0, 
260719,1625,Curragh,Happy Pharoah,Turf, ,N,8,10,13,15,1,S,g,4,137,Y,0.77,16,4,6,3,2,4,0,0,580,3,1,20,0,0,0,0,Jul,Gp2,Donnacha O'Brien,Paddy Harnett,53.81,45.79,0,2,25,90,100,100,33.33,80,100,77,105.26,685.59,6,0,3084,0,65,1,6,10,309,4,0, 
260719,1625,Curragh,Green Impact,Turf, ,N,8,11,26,23,1,S,c,4,137,Y,0,23,6,4,7,6,7,0,0,383,1,2,0,0,0,0,0,Jul,Gp2,Mrs John Harrington,Shane Foley,25.86,35,0,4,40,60,60,33.33,50,80,100,0,33.33,416.66,7,0,3084,0,56,1,3,8,409,5,0, 
260719,1625,Curragh,Dallas Star,Turf, ,N,8,13.66,41,51,1,U,g,5,137,Y,1.54,29,8,7,6,8,2,0,0,505,2,0,121.67,0,0,0,0,Jul,Gp2,Robson Aguiar,Rossa Ryan,19.54,40.84,0,7,15,50,50,50,50,80,100,125,101.31,606.31,3,0,3084,0,29,4,9,15,506,15,0, 
260719,1633,Stratford,Artiste D'Ainay,Hurdle, ,Y,4,3,2.38,2.2,5,S,g,8,168, ,0,5,1,2,1,1,3,0,3,463,3,2,13.33,0,0,0,0,Jul,Hcap-Hdle,Billy Aprahamian,James Bowen,100,31.96,0,1,20,50,33.33,100,100,100,80,0,33.33,496.66,0,0,5803,0,7,4,4,5,7,1,0, 
260719,1633,Stratford,Luna Run,Hurdle, ,Y,4,3.66,2.88,3.5,5,S,m,7,154, ,0,10,2,2,4,2,2,0,0,356,1,3,0,0,0,0,0,Jul,Hcap-Hdle,Harry Derham,Miss Megan Fox,0,0,7,1,20,70,60,100,60,33.33,33.33,0,33.33,389.99,0,0,5803,0,46,2,4,11,46,1,0, 
260719,1633,Stratford,East Eagle,Hurdle, ,Y,4,3.66,6.5,5,5,S,g,6,157, ,0,10,2,1,2,3,1,0,2,450,2,1,50.01,0,0,0,0,Jul,Hcap-Hdle,Mike Sowersby,Mr Charlie Maggs,68,30.99,3,254,80,60,60,100,100,80,50,0,115.25,565.25,0,0,5803,0,40,3,13,23,91,4,0, 
260719,1633,Stratford,He Is A Cracker,Hurdle, ,Y,4,4.66,6,5.5,5,S,g,10,145, ,0,14,4,4,3,4,4,0,0,399,3,4,43.33,0,0,0,0,Jul,Hcap-Hdle,Barry Brennan,Miss Isabelle Ryder,28.15,40.06,5,1,-10,33.33,33.33,100,33.33,100,100,0,33.33,433.32,0,0,5803,0,16,1,6,7,16,1,0, 
260719,1643,Redcar,Sahm Naif,Turf, ,Y,9,6.66,2.75,2.75,6,S,g,3,135, ,1.02,10,2,4,1,1,5,2,2,558,4,2,6.33,0,0,0,0,Jul,Hcap,James Horton,Jason Hart,23.57,42.37,0,1,10,90,100,100,33.33,33.33,100,102,91.8,650.46,6,0,2201,0,26,3,5,5,26,1,0, 
260719,1643,Redcar,Baldosa,Turf, ,Y,9,5.66,3.75,3.5,6,S,f,3,126, ,0.68,8,1,1,4,2,1,3,3,478,1,0,19.68,0,0,0,0,Jul,Hcap,Nigel Tinkler,Lewis Edmunds,28.9,46.89,0,1,50,50,50,100,50,80,80,68,101.63,579.63,2,0,2201,0,15,5,11,12,15,1,0, 
260719,1643,Redcar,Talking In Kode,Turf, ,Y,9,6.66,6.5,6,6,S,f,3,130, ,1.27,15,4,2,6,5,3,1,1,438,2,4,0,0,0,0,0,Jul,Hcap,Ed Bethell,Daniel Tudhope,54.58,35.66,0,6,20,33.33,33.33,33.33,33.33,80,100,125,33.33,471.65,5,0,2201,0,17,4,6,6,0,0,0, 
260719,1643,Redcar,Diamond Aura,Turf, ,Y,9,10.66,8,8,6,S,f,3,121, ,1.36,17,5,6,3,3,4,6,0,498,2,1,20.33,0,0,0,0,Jul,Hcap,Tim Easterby,Duran Fentiman,35.17,31.28,0,2,-20,50,50,60,33.33,100,80,125,95.08,593.41,4,0,2201,0,15,3,7,7,0,0,0, 
260719,1643,Redcar,Harswell River,Turf, ,Y,9,6.33,8,10,6,S,f,3,124, ,0.89,10,2,2,2,4,6,4,0,552,3,1,54,0,0,0,0,Jul,Hcap,Roger Fell,Miss Joanna Mason,40.71,39.92,0,5,20,60,70,33.33,100,100,100,89,33.33,585.66,8,0,2201,0,30,6,17,21,298,12,0, 
260719,1643,Redcar,Secret Testimony,Turf, ,Y,9,13,13,13,6,S,g,3,130, ,0.72,27,7,7,8,6,7,7,0,405,2,4,23,0,0,0,0,Jul,Hcap,Declan Carroll,Zak Wheatley,27.89,27.03,0,4,-30,33.33,33.33,33.33,33.33,100,100,72,33.33,438.65,7,0,2201,0,30,3,9,9,255,5,0, 
260719,1643,Redcar,Speckled Brown,Turf, ,Y,9,29.66,21,23,6,D,f,3,122, ,0.99,32,9,7,9,7,9,9,0,382,1,4,0,0,0,0,0,Jul,Hcap,Andi Brown,Barry McHugh,39.91,30.61,0,4,-30,33.33,33.33,33.33,33.33,50,100,99,33.33,415.65,9,0,2201,0,13,2,3,3,0,0,0, 
260719,1643,Redcar,Skirt Around,Turf, ,Y,9,18.66,17,23,6,S,f,3,134, ,1.31,26,6,4,6,8,2,8,0,438,2,4,33,0,0,0,0,Jul,Hcap,Philip Kirby,Cam Hardie,35.92,31.17,0,7,10,33.33,33.33,33.33,33.33,80,100,125,80.32,518.64,1,0,2201,0,45,2,5,5,0,0,0, 
260719,1643,Redcar,Bobbys Pride,Turf, ,Y,9,16.66,81,126,6,S,f,3,121, ,1.4,30,8,9,5,9,8,5,0,458,3,4,20,0,0,0,0,Jul,Hcap,Noel Wilson,Ethan Tindall,39.54,28.87,5,10,-40,33.33,33.33,33.33,33.33,100,100,125,33.33,491.65,3,0,2201,0,14,2,5,6,0,0,0, 
260719,1650,Newton Abbot,Jager Time,Hurdle, ,Y,7,7.66,2.63,3,4,S,g,7,161, ,0,13,3,5,3,2,4,0,0,443,3,2,20,0,0,0,0,Jul,Hcap-Hdle,Fergal O'Brien,Miss Fern O'Brien,25.24,25,5,2,-20,50,60,100,100,100,33.33,0,77.41,520.74,0,0,5825,0,26,3,8,13,259,4,0, 
260719,1650,Newton Abbot,I Am Spider Man,Hurdle, ,Y,7,7.33,6.5,4.5,4,U,g,9,158, ,0,17,6,2,6,4,2,0,0,273,0,5,73.34,0,0,0,0,Jul,Hcap-Hdle,Barry T Murphy,Mr Callum Pritchard,21.63,27.93,0,7,60,33.33,33.33,50,90,33.33,33.33,0,75.8,349.12,0,0,5825,0,14,5,9,14,0,0,0, 
260719,1650,Newton Abbot,Juggernaut,Hurdle, ,Y,7,6.66,5.5,5,4,U,g,7,158, ,0,15,4,3,5,3,1,0,1,366,1,3,93.34,0,0,0,0,Jul,Hcap-Hdle,Anthony Honeyball,Mr James Robottom,100,0,10,3,35,33.33,60,70,70,100,33.33,0,104.83,471.49,0,0,5825,0,56,1,9,14,626,11,0, 
260719,1650,Newton Abbot,Time To Bite,Hurdle, ,Y,7,4.33,4.33,5,4,D,g,11,169, ,0,7,1,4,1,1,6,0,3,513,3,2,30,0,0,0,0,Jul,Hcap-Hdle,Chris Honour,Mr Bryan Carver,0,69.43,0,10,20,100,90,100,100,33.33,90,0,33.33,546.66,0,0,5825,0,21,3,8,19,76,3,0, 
260719,1650,Newton Abbot,Byzantium,Hurdle, ,Y,7,4.66,6,6.5,4,S,g,6,170, ,0,12,2,1,4,5,5,0,1,423,2,2,56.67,0,0,0,0,Jul,Hcap-Hdle,Paul Nicholls,Mr P Hanlon,100,30.26,5,5,70,50,90,33.33,100,100,50,0,33.33,456.66,0,0,5825,0,53,1,4,11,390,5,0, 
260719,1650,Newton Abbot,Stavanger Rose,Hurdle, ,Y,7,17,29,29,4,U,m,6,143, ,0,25,7,5,7,7,7,0,0,199,0,7,0,0,0,0,0,Jul,Hcap-Hdle,Harriet Dickin,Miss Tabitha Worsley,22.04,9.06,0,10,-20,33.33,33.33,33.33,33.33,33.33,33.33,0,33.33,233.31,0,0,5825,0,18,3,7,7,0,0,0, 
260719,1700,Curragh,Lars Soldier,Turf, ,Y,8,5.33,4.5,4,3,U,g,2,138,Y,0.53,7,2,2,2,2,1,0,1,506,3,1,60.01,0,0,0,0,Jul,Hcap-Nur,M Mulvany,Wesley Joyce,49.73,41.3,3,3,-10,33.33,70,50,100,100,100,53,78.57,584.9,6,0,1320,0,52,2,4,4,107,3,0, 
260719,1700,Curragh,Tradewinds,Turf, ,Y,8,5.66,4,4,3,U,c,2,134,Y,0.9,6,1,2,1,1,2,0,3,543,2,1,37,0,0,0,0,Jul,Hcap-Nur,Donnacha O'Brien,Paddy Harnett,53.81,45.79,5,3,-30,33.33,70,70,100,80,100,90,72.85,616.18,1,0,1320,0,16,4,4,4,0,0,0, 
260719,1700,Curragh,Seven Nation Army,Turf, ,Y,8,7.33,4.5,4.5,3,U,g,2,126,Y,1.13,14,3,2,3,6,6,0,0,446,3,4,0,0,0,0,0,Jul,Hcap-Nur,Joseph Patrick O'Brien,Dylan Browne McMonagle,58.76,55.56,0,6,-30,33.33,33.33,33.33,33.33,100,100,113,50,496.32,7,0,1320,0,61,3,3,3,0,0,0, 
260719,1700,Curragh,Desert Alchemist,Turf, ,Y,8,15,5.5,5.5,3,U,c,2,131,Y,1.13,17,5,2,5,3,4,0,0,432,1,3,44.67,0,0,0,0,Jul,Hcap-Nur,David Marnane,Luke McAteer,38.46,36.44,0,6,-30,33.33,33.33,60,33.33,80,80,113,64.28,497.27,3,0,1320,0,23,3,3,3,0,0,0, 
260719,1700,Curragh,I Ready,Turf, ,Y,8,9,7.5,7.5,3,U,g,2,127,Y,1.28,18,6,2,6,5,3,0,0,388,1,4,16.67,0,0,0,0,Jul,Hcap-Nur,Paul W Flynn,Colin Keane,34.69,49.87,0,8,-30,33.33,33.33,33.33,33.33,50,80,125,75.71,464.03,5,0,1320,0,8,3,3,3,0,0,0, 
260719,1700,Curragh,Lucy's Promise,Turf, ,Y,8,14.33,11,12,3,U,f,2,123,Y,1.13,16,4,2,3,4,5,0,0,446,3,4,13.33,0,0,0,0,Jul,Hcap-Nur,Adrian McGuinness,Shane Foley,47.19,35,0,6,-30,33.33,33.33,33.33,33.33,100,100,113,80,526.32,8,0,1320,0,8,3,3,3,0,0,0, 
260719,1700,Curragh,Woodlawn Lily,Turf, ,Y,8,10.33,19,19,3,U,f,2,119,Y,1.28,22,7,2,7,7,8,0,0,371,1,5,5,0,0,0,0,Jul,Hcap-Nur,J P Murtagh,J A Powell,43.65,16.49,0,7,-30,33.33,33.33,33.33,33.33,80,33.33,125,33.33,404.98,2,0,1320,0,15,2,3,3,0,0,0, 
260719,1700,Curragh,Belle Island,Turf, ,Y,8,9.33,26,29,3,D,f,2,125,Y,1.2,24,8,8,8,99,7,0,0,366,1,5,0,0,0,0,0,Jul,Hcap-Nur,Robson Aguiar,K G Kennedy,19.54,27.41,5,10,-40,33.33,33.33,33.33,33.33,80,33.33,120,33.33,399.98,4,0,1320,0,15,1,4,4,0,0,0, 
260719,1708,Stratford,Lucy The Wire,Hurdle, ,Y,5,3,2,2.1,5,S,f,4,167, ,0,7,2,1,2,3,3,0,1,490,3,1,6.67,0,0,0,0,Jul,Hcap-CJk-Mare-Hdle,James Owen,Alex Chadwick,46.27,73.46,0,1,30,100,100,60,50,80,100,0,33.33,523.33,0,0,4108,0,9,2,7,7,9,1,0, 
260719,1708,Stratford,Basilette,Hurdle, ,Y,5,3,3.75,3.75,5,S,m,7,173, ,0,6,1,1,1,2,1,0,4,580,4,1,90,0,0,0,0,Jul,Hcap-CJk-Mare-Hdle,Seamus Mullins,Daniel Sansom,75.5,100,0,1,30,90,90,100,100,100,100,0,98.3,678.3,0,0,4108,0,7,6,11,21,7,1,0, 
260719,1708,Stratford,Roarin' Success,Hurdle, ,Y,5,4,4,4,5,S,m,6,168, ,0,10,3,3,3,1,5,0,1,483,3,2,90,0,0,0,0,Jul,Hcap-CJk-Mare-Hdle,Donald McCain,Mr William Maggs,24.72,100,3,1,10,90,60,100,100,33.33,100,0,33.33,516.66,0,0,4108,0,20,3,10,16,20,1,0, 
260719,1708,Stratford,Klervia,Hurdle, ,Y,5,6.66,10,9.5,5,S,m,6,146, ,0,16,4,4,4,4,2,0,0,393,2,2,146.68,0,0,0,0,Jul,Hcap-CJk-Mare-Hdle,Barry Brennan,Miss Isabelle Ryder,28.15,40.06,0,7,-10,33.33,50,60,50,100,100,0,33.33,426.66,0,0,4108,0,30,4,6,10,0,0,0, 
260719,1708,Stratford,Dusky Spyglass,Hurdle, ,Y,5,14.33,67,67,5,S,m,8,144, ,0,20,5,5,5,5,4,0,0,246,0,6,0,0,0,0,0,Jul,Hcap-CJk-Mare-Hdle,Mike Murphy,Mr Freddie Keighley,21.31,25,0,254,-50,33.33,33.33,33.33,33.33,33.33,80,0,33.33,279.98,0,0,4108,0,130,0,1,3,0,0,0, 
260719,1717,Redcar,Finally Escaped,Turf, ,Y,8,9.66,4,3.5,6,S,f,4,134, ,1.64,15,3,5,1,2,5,6,1,618,3,1,49.33,0,0,0,0,Jul,Hcap,Roger Fell,Kevin Stott,40.71,26.5,0,1,5,100,90,33.33,90,100,80,125,96.72,715.05,4,0,1980,0,2,2,7,7,2,1,0, 
260719,1717,Redcar,Shifter,Turf, ,Y,8,5.66,4.33,4.33,6,S,m,7,128, ,0.91,10,1,1,4,4,2,7,2,431,0,0,3.34,0,0,0,0,Jul,Hcap,Wilf Storey,Paula Muir,48.46,48.46,3,5,115,70,50,50,50,60,60,91,103.27,534.27,5,0,1980,0,13,5,9,13,0,0,0, 
260719,1717,Redcar,Off Spin,Turf, ,Y,8,5.66,5,5,6,S,g,4,135, ,1.09,10,1,3,2,3,1,5,2,569,4,0,56.67,0,0,0,0,Jul,Hcap,Tim Easterby,Mr Jake Dickson,35.17,43.7,7,2,90,60,50,100,50,100,100,109,103.27,672.27,8,0,1980,0,14,6,12,17,0,0,0, 
260719,1717,Redcar,Volenti,Turf, ,Y,8,7,6,6.5,6,D,g,7,129, ,1.09,18,5,4,3,6,4,2,0,512,2,1,81.33,0,0,0,0,Jul,Hcap,Ben Haslam,Andrew Mullen,49.03,27.93,0,4,40,50,50,33.33,90,100,80,109,98.36,610.69,1,0,1980,0,13,5,13,31,534,21,0, 
260719,1717,Redcar,Pisanello,Turf, ,Y,8,6.33,7.5,8,6,S,g,9,132, ,0.91,18,5,2,6,7,2,4,0,420,0,3,2.67,0,0,0,0,Jul,Hcap,David O'Meara,Mark Winn,29.09,26.12,0,6,100,33.33,33.33,33.33,70,80,80,91,88.52,509.51,3,0,1980,0,24,7,15,24,0,0,0, 
260719,1717,Redcar,Bitacora,Turf, ,Y,8,12.66,11,12,6,S,m,6,127, ,0.36,27,8,7,8,99,99,1,1,385,2,4,0,0,0,0,0,Jul,Hcap,Daragh Bourke,Jason Hart,34.3,42.37,0,9,-30,33.33,33.33,100,33.33,50,100,36,33.33,419.32,7,0,1980,0,90,1,2,6,475,4,0, 
260719,1717,Redcar,Anificas Beauty,Turf, ,Y,8,9.33,13,17,6,S,m,7,133, ,0.91,16,4,6,5,1,7,8,1,427,1,2,6.67,0,0,0,0,Jul,Hcap,Peter Winks,C Horgan,19.39,38.02,5,7,-20,50,70,100,33.33,33.33,50,91,90.16,517.82,6,0,1980,0,20,5,11,20,33,2,0, 
260719,1717,Redcar,Pebble Dash,Turf, ,Y,8,11.66,21,21,6,S,g,4,126, ,1.27,25,7,7,7,5,6,3,0,418,2,4,32.33,0,0,0,0,Jul,Hcap,Gary Harrison,Barry McHugh,45.82,30.61,0,6,-30,33.33,33.33,33.33,33.33,60,100,125,93.44,511.76,2,0,1980,0,29,5,14,17,0,0,0, 
260719,1722,Newton Abbot,No More No,Chase, ,Y,8,5.66,3.5,3.25,5,S,g,7,167, ,0,10,1,2,5,2,7,0,1,423,2,2,36.67,0,0,0,0,Jul,Hcap-Cha,Lawney Hill,Brendan Powell,32.64,31.17,0,1,90,100,33.33,100,90,50,50,0,33.33,456.66,0,0,5670,0,40,1,1,4,40,1,0, 
260719,1722,Newton Abbot,Premier Fantasy,Chase, ,Y,8,12,5,5,5,D,g,7,168, ,0,26,8,8,8,99,99,0,0,216,0,6,0,0,0,0,0,Jul,Hcap-Cha,Nick Scholfield,J M Quinlan,25.38,36.15,0,5,-20,33.33,33.33,33.33,33.33,33.33,50,0,33.33,249.98,0,0,5670,0,30,2,2,3,0,0,0, 
260719,1722,Newton Abbot,Honey I'm Good,Chase, ,Y,8,7.33,5,5,5,S,m,10,148, ,0,12,3,7,1,1,4,0,2,560,5,1,36.67,0,0,0,0,Jul,Hcap-Cha,Mrs C Williams,Conor Ring,53.41,47.72,0,2,35,100,100,100,100,100,60,0,81.03,641.03,0,0,5670,0,26,1,3,8,691,8,0, 
260719,1722,Newton Abbot,Testflight,Chase, ,Y,8,8,6,6.5,5,S,g,9,142, ,0,18,6,3,6,5,3,0,0,386,2,3,40,0,0,0,0,Jul,Hcap-Cha,Sue Gardner,Miss Tabitha Worsley,17.17,9.06,0,4,50,60,60,100,100,33.33,33.33,0,79.31,465.97,0,0,5670,0,26,2,8,14,364,8,0, 
260719,1722,Newton Abbot,My Girl Katie,Chase, ,Y,8,6.66,7.5,6.5,5,S,m,9,150, ,0,10,1,3,2,3,2,0,1,523,4,2,70,0,0,0,0,Jul,Hcap-Cha,G Harris,Mr Ben Jones,36.12,0,0,3,50,90,100,100,100,100,33.33,0,67.24,590.57,0,0,5670,0,323,0,3,8,335,2,0, 
260719,1722,Newton Abbot,Great D'Ange,Chase, ,Y,8,6.33,9,9.5,5,S,g,10,162, ,0,14,4,1,3,6,6,0,1,453,2,2,20,0,0,0,0,Jul,Hcap-Cha,Alexander Gibbons,Tom Broughton,64,28.12,3,2,160,70,60,100,100,90,33.33,0,33.33,486.66,0,0,5670,0,16,2,6,14,696,14,0, 
260719,1722,Newton Abbot,Mcgregors Charge,Chase, ,Y,8,8.66,17,17,5,S,g,8,147, ,0,24,7,3,7,7,1,0,1,346,1,3,130.01,0,0,0,0,Jul,Hcap-Cha,Polly Gundry,Benjamin Godfrey,25,9.18,0,5,50,60,60,100,60,33.33,33.33,0,94.82,441.48,0,0,5670,0,16,2,7,13,337,7,0, 
260719,1730,Curragh,Abbotsford,Turf, ,N,7,6.66,3.25,3.25,4,U,g,3,134,Y,1.59,16,6,4,5,4,5,0,0,438,2,4,72.67,0,0,0,0,Jul,Mdn-EBF,D K Weld,Colin Keane,34.2,49.87,0,2,-20,33.33,33.33,33.33,33.33,100,80,125,33.33,471.65,4,0,2640,0,77,1,2,2,0,0,0, 
260719,1730,Curragh,Numantia,Turf, ,N,7,5.66,4.33,4.5,4,U,c,3,134,Y,1.33,10,2,2,2,3,3,0,0,551,3,2,85,0,0,0,0,Jul,Mdn-EBF,Donnacha O'Brien,Gavin Ryan,53.81,31.52,0,2,10,33.33,100,33.33,100,80,80,125,33.33,584.99,6,0,2640,0,23,2,2,2,0,0,0, 
260719,1730,Curragh,Tokyo Tower,Turf, ,N,7,6.33,6,5.5,4,U,c,3,134,Y,1.19,15,4,2,6,5,4,0,0,365,1,5,53,0,0,0,0,Jul,Mdn-EBF,Jack Foley,W J Lee,28.85,39.2,0,6,10,33.33,33.33,33.33,33.33,33.33,80,119,33.33,398.98,3,0,2640,0,23,1,1,1,0,0,0, 
260719,1730,Curragh,Sakoku,Turf, ,N,7,7.66,6.5,6.5,4,U,f,3,129,Y,0.8,15,4,4,3,2,1,0,1,466,1,2,27.34,0,0,0,0,Jul,Mdn-EBF,J P Murtagh,Ben Coen,43.65,39.37,0,2,-20,33.33,60,100,33.33,80,80,80,95.52,562.18,2,0,2640,0,31,2,2,2,0,0,0, 
260719,1730,Curragh,Pierre Grosse,Turf, ,N,7,6,6.5,6.5,4,D,g,3,134,Y,1.99,8,1,1,1,1,2,0,4,665,4,0,113.34,0,0,0,0,Jul,Mdn-EBF,Mrs John Harrington,Shane Foley,25.86,35,0,2,25,70,90,100,100,80,100,125,33.33,698.33,1,0,2640,0,29,3,7,7,0,0,0, 
260719,1730,Curragh,Solness,Turf, ,N,7,6.33,9,7.5,4,D,g,8,145,Y,1.06,12,3,4,4,99,99,0,0,439,3,4,1,0,0,0,0,Jul,Mdn-EBF,Joseph Patrick O'Brien,J J Slevin,58.76,27.86,0,3,-20,33.33,33.33,33.33,33.33,100,100,106,33.33,472.65,5,0,2640,0,85,1,4,14,204,4,0, 
260719,1730,Curragh,Teoest,Turf, ,N,7,12,29,34,4,U,g,3,134,Y,0.66,21,7,4,7,99,99,0,0,312,0,5,0,0,0,0,0,Jul,Mdn-EBF,J S Bolger,Declan McDonogh,23.98,31.68,0,4,-20,33.33,33.33,33.33,33.33,33.33,80,66,33.33,345.98,7,0,2640,0,54,1,1,1,0,0,0, 
